{"id1":"C","id2":"A","similarity":0.9967767929089444,"matches":[{"file1":"C\\GSTiling.java","file2":"A\\GSTiling.java","start1":6,"end1":247,"start2":6,"end2":247,"tokens":376},{"file1":"C\\Submission.java","file2":"A\\Submission.java","start1":1,"end1":218,"start2":1,"end2":218,"tokens":332},{"file1":"C\\Structure.java","file2":"A\\Structure.java","start1":1,"end1":118,"start2":1,"end2":118,"tokens":179},{"file1":"C\\Match.java","file2":"A\\Match.java","start1":1,"end1":51,"start2":1,"end2":51,"tokens":104},{"file1":"C\\Table.java","file2":"A\\Table.java","start1":5,"end1":60,"start2":5,"end2":60,"tokens":97},{"file1":"C\\Token.java","file2":"A\\Token.java","start1":1,"end1":47,"start2":1,"end2":47,"tokens":75},{"file1":"C\\Matches.java","file2":"A\\Matches.java","start1":3,"end1":57,"start2":3,"end2":57,"tokens":74}]}