{"id1":"D","id2":"C","similarity":0.7705711519845111,"matches":[{"file1":"D\\Structure.java","file2":"C\\Structure.java","start1":3,"end1":120,"start2":1,"end2":118,"tokens":179},{"file1":"D\\Submission.java","file2":"C\\Submission.java","start1":3,"end1":111,"start2":1,"end2":109,"tokens":150},{"file1":"D\\Match.java","file2":"C\\Match.java","start1":3,"end1":53,"start2":1,"end2":51,"tokens":104},{"file1":"D\\Matches.java","file2":"C\\Matches.java","start1":5,"end1":59,"start2":3,"end2":57,"tokens":74},{"file1":"D\\Token.java","file2":"C\\Token.java","start1":14,"end1":44,"start2":16,"end2":47,"tokens":59},{"file1":"D\\Table.java","file2":"C\\Table.java","start1":22,"end1":52,"start2":30,"end2":60,"tokens":54},{"file1":"D\\Submission.java","file2":"C\\Submission.java","start1":165,"end1":194,"start2":173,"end2":203,"tokens":43},{"file1":"D\\Submission.java","file2":"C\\Submission.java","start1":129,"end1":155,"start2":134,"end2":160,"tokens":42},{"file1":"D\\Submission.java","file2":"C\\Submission.java","start1":112,"end1":127,"start2":116,"end2":132,"tokens":30},{"file1":"D\\Table.java","file2":"C\\Table.java","start1":5,"end1":21,"start2":5,"end2":21,"tokens":30},{"file1":"D\\Submission.java","file2":"C\\Submission.java","start1":156,"end1":163,"start2":164,"end2":171,"tokens":18},{"file1":"D\\Submission.java","file2":"C\\Submission.java","start1":195,"end1":202,"start2":204,"end2":211,"tokens":13}]}